"index","seqName","clade","major_lineage","genotype","otherName","seqLength","X.cds","Year","geo_location","country","strain","date"
1389,"PP530043.1|2014-05-14","4II_B.1.1","4II_B","4II","PP530043",10164,100,2014,"Brazil","Brazil","PP530043",2014
1390,"PP530044.1|2014-05-14","4II_B.1.1","4II_B","4II","PP530044",10164,100,2014,"Brazil","Brazil","PP530044",2014
1393,"PP530047.1|2014-07","4II_B.1.1","4II_B","4II","PP530047",10164,100,2014,"Brazil","Brazil","PP530047",2014
1397,"PP530051.1|2015-01-26","4II_B.1.1","4II_B","4II","PP530051",10164,100,2015,"Brazil","Brazil","PP530051",2015
1400,"PP530054.1|2015-03-02","4II_B.1.1","4II_B","4II","PP530054",10164,100,2015,"Brazil","Brazil","PP530054",2015
1401,"PP530055.1|2016-04-17","4II_B.1.1","4II_B","4II","PP530055",10164,100,2016,"Brazil","Brazil","PP530055",2016
1402,"PP530056.1|2016-01-14","4II_B.1.1","4II_B","4II","PP530056",10164,100,2016,"Brazil","Brazil","PP530056",2016
1403,"PP530057.1|2017-04-04","4II_B.1.1","4II_B","4II","PP530057",10164,100,2017,"Brazil","Brazil","PP530057",2017
1406,"PP530060.1|2015-06-16","4II_B.1.1","4II_B","4II","PP530060",10164,100,2015,"Brazil","Brazil","PP530060",2015
1409,"OP120947.1|2019-07","4I_A.3","4I_A","4I","OP120947",10606,104.3486816,2019,"Myanmar","Myanmar","OP120947",2019
1412,"PP447196.1|2022-02-14","4I_A.1.1","4I_A","4I","PP447196",10604,104.3290043,2022,"Cambodia","Cambodia","PP447196",2022
1413,"PP447197.1|2022-02-16","4I_A.1.1","4I_A","4I","PP447197",10337,101.7020858,2022,"Cambodia","Cambodia","PP447197",2022
1415,"PP447199.1|2022-02-23","4I_A.1.1","4I_A","4I","PP447199",10338,101.7119244,2022,"Cambodia","Cambodia","PP447199",2022
1419,"PP269980.1|2012-10-05","4I_A.1","4I_A","4I","PP269980",10513,103.4336875,2012,"Viet Nam","Viet Nam","PP269980",2012
1420,"PP269981.1|2011-07-05","4I_A.1.1","4I_A","4I","PP269981",10513,103.4336875,2011,"Viet Nam","Viet Nam","PP269981",2011
1421,"PP269982.1|2011-12-16","4I_A.1","4I_A","4I","PP269982",10511,103.4140102,2011,"Viet Nam","Viet Nam","PP269982",2011
1425,"PP269986.1|2011-12-21","4I_A.1.1","4I_A","4I","PP269986",10513,103.4336875,2011,"Viet Nam","Viet Nam","PP269986",2011
1426,"PP269987.1|2012-07-23","4I_A.1","4I_A","4I","PP269987",10513,103.4336875,2012,"Viet Nam","Viet Nam","PP269987",2012
1434,"PP269995.1|2012-11-07","4I_A.1","4I_A","4I","PP269995",10513,103.4336875,2012,"Viet Nam","Viet Nam","PP269995",2012
1435,"PP269996.1|2013-01-02","4I_A.1.2","4I_A","4I","PP269996",10513,103.4336875,2013,"Viet Nam","Viet Nam","PP269996",2013
1439,"PP270000.1|2015-10-20","4I_A.1","4I_A","4I","PP270000",10513,103.4336875,2015,"Viet Nam","Viet Nam","PP270000",2015
1448,"PP270009.1|2013-12-06","4I_A.1","4I_A","4I","PP270009",10513,103.4336875,2013,"Viet Nam","Viet Nam","PP270009",2013
1451,"PP270012.1|2014-08-06","4I_A.1","4I_A","4I","PP270012",10513,103.4336875,2014,"Viet Nam","Viet Nam","PP270012",2014
1452,"PP270013.1|2014-10-06","4I_A.1.1","4I_A","4I","PP270013",10531,103.6107832,2014,"Viet Nam","Viet Nam","PP270013",2014
1456,"PP270017.1|2013-07-30","4I_A.1.1","4I_A","4I","PP270017",10513,103.4336875,2013,"Viet Nam","Viet Nam","PP270017",2013
1461,"PP270022.1|2014-12-02","4I_A.1.2","4I_A","4I","PP270022",10513,103.4336875,2014,"Viet Nam","Viet Nam","PP270022",2014
1471,"PP270032.1|2015-10-06","4I_A.1.2","4I_A","4I","PP270032",10515,103.4533648,2015,"Viet Nam","Viet Nam","PP270032",2015
1480,"PP270041.1|2015-08-07","4I_A.1.2","4I_A","4I","PP270041",10244,100.7870917,2015,"Viet Nam","Viet Nam","PP270041",2015
1489,"PP270050.1|2016-01-11","4I_A.1","4I_A","4I","PP270050",10237,100.7182212,2016,"Viet Nam","Viet Nam","PP270050",2016
1497,"OP811922.1|2019-12-29","4II_B.1.1","4II_B","4II","OP811922",10164,100,2019,"Paraguay","Paraguay","OP811922",2019
1503,"OP811928.1|2019-06-14","4II_B.1.1","4II_B","4II","OP811928",10164,100,2019,"Paraguay","Paraguay","OP811928",2019
1514,"OP811939.1|2020-01-09","4II_B.1.1","4II_B","4II","OP811939",10164,100,2020,"Paraguay","Paraguay","OP811939",2020
1538,"OP811963.1|2019-02-28","4II_B.1.1","4II_B","4II","OP811963",10164,100,2019,"Paraguay","Paraguay","OP811963",2019
1549,"OP811974.1|2020-01-09","4II_B.1.1","4II_B","4II","OP811974",10164,100,2020,"Paraguay","Paraguay","OP811974",2020
1553,"OR821957.1|2023-10-12","4II_B.2","4II_B","4II","OR821957",10376,102.085793,2023,"USA: FL","USA","OR821957",2023
1555,"OR771168.1|2023-09-01","4II_B.2","4II_B","4II","OR771168",10512,103.4238489,2023,"USA: FL","USA","OR771168",2023
1556,"OR654276.1|2023-05-31","4II_B.1.2","4II_B","4II","OR654276",10486,103.1680441,2023,"USA: FL","USA","OR654276",2023
1557,"OQ567848.1|2016-03-07","4II_B.1.1","4II_B","4II","OQ567848",9790,96.32034632,2016,"Paraguay: Coronel Oviedo","Paraguay","OQ567848",2016
1567,"OQ567858.1|2020-01-01","4II_B.1.1","4II_B","4II","OQ567858",9793,96.34986226,2020,"Paraguay: Ita","Paraguay","OQ567858",2020
1581,"OQ567872.1|2021-02-22","4II_B.1.1","4II_B","4II","OQ567872",9809,96.5072806,2021,"Paraguay: Pilar","Paraguay","OQ567872",2021
1582,"OR389040.1|2011","4I_A.2","4I_A","4I","OR389040",10511,103.4140102,2011,"Cambodia","Cambodia","OR389040",2011
1583,"OR389041.1|1988","4II_B","4II_B","4II","OR389041",10511,103.4140102,1988,"Colombia","Colombia","OR389041",1988
1584,"OR389045.1|2008","4I_A.3","4I_A","4I","OR389045",10511,103.4140102,2008,"Myanmar","Myanmar","OR389045",2008
1585,"OR389046.1|2003","4I_B","4I_B","4I","OR389046",10511,103.4140102,2003,"Sri Lanka","Sri Lanka","OR389046",2003
1586,"OR389345.1|1989","4II_B","4II_B","4II","OR389345",10511,103.4140102,1989,"Dominican Republic","Dominican Republic","OR389345",1989
1587,"OR389346.1|1987","4II_B","4II_B","4II","OR389346",10511,103.4140102,1987,"El Salvador","El Salvador","OR389346",1987
1588,"OR389347.1|1961","4II_B","4II_B","4II","OR389347",10511,103.4140102,1961,"India","India","OR389347",1961
1589,"OR389348.1|1961","4I","4I","4I","OR389348",10511,103.4140102,1961,"India","India","OR389348",1961
1590,"OR389349.1|1965","4I","4I","4I","OR389349",10511,103.4140102,1965,"India","India","OR389349",1965
1591,"OR389350.1|1984","4I","4I","4I","OR389350",10511,103.4140102,1984,"Indonesia","Indonesia","OR389350",1984
1592,"OR389351.1|1985","4II_B","4II_B","4II","OR389351",10511,103.4140102,1985,"Indonesia","Indonesia","OR389351",1985
1593,"OR389352.1|1978","4I","4I","4I","OR389352",10511,103.4140102,1978,"Sri Lanka","Sri Lanka","OR389352",1978
1594,"OR389353.1|1988","4I_B","4I_B","4I","OR389353",10511,103.4140102,1988,"Taiwan","Taiwan","OR389353",1988
1595,"OR389354.1|1990","4I","4I","4I","OR389354",10511,103.4140102,1990,"Venezuela","Venezuela","OR389354",1990
1596,"OR389355.1|1990","4II_B","4II_B","4II","OR389355",10511,103.4140102,1990,"Venezuela","Venezuela","OR389355",1990
1597,"OR162320.1|2022-11-15","4II_B.1.2","4II_B","4II","OR162320",10508,103.3844943,2022,"USA: FL","USA","OR162320",2022
1598,"OQ603316.1|2013-09-18","4II_B.1","4II_B","4II","OQ603316",10490,103.2073987,2013,"Colombia: Risaralda","Colombia","OQ603316",2013
1599,"OQ603317.1|2016-05-21","4II_B.1","4II_B","4II","OQ603317",10100,99.37032664,2016,"Colombia: Quindio","Colombia","OQ603317",2016
1601,"OQ821625.1|2016-02-05","4II_B.1","4II_B","4II","OQ821625",10511,103.4140102,2016,"Cuba","Cuba","OQ821625",2016
1602,"OQ821626.1|2013-12-06","4II_B.1","4II_B","4II","OQ821626",10534,103.6402991,2013,"Cuba","Cuba","OQ821626",2013
1603,"OQ821627.1|2014-08-06","4II_B.1","4II_B","4II","OQ821627",10511,103.4140102,2014,"Cuba","Cuba","OQ821627",2014
1604,"OQ821628.1|2012-08-20","4II_B.1","4II_B","4II","OQ821628",10376,102.085793,2012,"Cuba","Cuba","OQ821628",2012
1605,"OQ821629.1|2012-10-03","4II_B.1","4II_B","4II","OQ821629",10376,102.085793,2012,"Cuba","Cuba","OQ821629",2012
1606,"OQ821630.1|2014-03-13","4II_B.1.1","4II_B","4II","OQ821630",10376,102.085793,2014,"Bolivia","Bolivia","OQ821630",2014
1607,"OQ821631.1|2013-09-04","4II_B","4II_B","4II","OQ821631",10064,99.01613538,2013,"Puerto Rico","USA","OQ821631",2013
1608,"OQ821632.1|2010-08-05","4II_B","4II_B","4II","OQ821632",10511,103.4140102,2010,"Puerto Rico","USA","OQ821632",2010
1609,"OQ821633.1|2013-09-06","4II_B","4II_B","4II","OQ821633",10511,103.4140102,2013,"Haiti","Haiti","OQ821633",2013
1610,"OQ821634.1|2014-06-21","4II_B","4II_B","4II","OQ821634",10511,103.4140102,2014,"Dominican Republic","Dominican Republic","OQ821634",2014
1612,"OQ821636.1|2022-11-15","4II_B.1.2","4II_B","4II","OQ821636",9961,98.00275482,2022,"Cuba","Cuba","OQ821636",2022
1613,"OQ821637.1|2022-06-19","4II_B.1.2","4II_B","4II","OQ821637",9649,94.93309721,2022,"Cuba","Cuba","OQ821637",2022
1616,"OQ821640.1|2022-07-05","4II_B.1.2","4II_B","4II","OQ821640",10073,99.1046832,2022,"Cuba","Cuba","OQ821640",2022
1620,"OQ821644.1|2022-10-22","4II_B.2","4II_B","4II","OQ821644",10364,101.9677292,2022,"Nicaragua","Nicaragua","OQ821644",2022
1621,"OQ821645.1|2022-09-10","4II_B.2","4II_B","4II","OQ821645",10511,103.4140102,2022,"Nicaragua","Nicaragua","OQ821645",2022
1622,"OQ821646.1|2022-08-24","4II_B.2","4II_B","4II","OQ821646",10376,102.085793,2022,"El Salvador","El Salvador","OQ821646",2022
1623,"OQ821647.1|2013-08-18","4II_A.1","4II_A","4II","OQ821647",10376,102.085793,2013,"Puerto Rico","USA","OQ821647",2013
1624,"OQ821648.1|2013-08-14","4II_A.1","4II_A","4II","OQ821648",10376,102.085793,2013,"Puerto Rico","USA","OQ821648",2013
1625,"OQ821649.1|2016-03-21","4II_A.1","4II_A","4II","OQ821649",10511,103.4140102,2016,"Jamaica","Jamaica","OQ821649",2016
1626,"OQ821650.1|2013-08-21","4II_A.1","4II_A","4II","OQ821650",10376,102.085793,2013,"Dominica","Dominica","OQ821650",2013
1627,"OQ678015.1|2019-10-21","4I_A.1.1","4I_A","4I","OQ678015",10337,101.7020858,2019,"Cambodia","Cambodia","OQ678015",2019
1629,"OQ445964.1|2022-10-08","4II_B.1.2","4II_B","4II","OQ445964",10163,99.99016135,2022,"USA: Florida","USA","OQ445964",2022
1632,"OQ445967.1|2022-11-03","4II_B.2","4II_B","4II","OQ445967",10163,99.99016135,2022,"USA: Florida","USA","OQ445967",2022
1642,"OQ426986.1|2017-08-11","4I_A.1.1","4I_A","4I","OQ426986",10593,104.2207792,2017,"Viet Nam: Nha Trang","Viet Nam","OQ426986",2017
1645,"OQ426989.1|2018-01-15","4I_A.1.2","4I_A","4I","OQ426989",10593,104.2207792,2018,"Viet Nam: Nha Trang","Viet Nam","OQ426989",2018
1657,"OQ427001.1|2017-08-10","4I_A.1.1","4I_A","4I","OQ427001",10593,104.2207792,2017,"Viet Nam: Nha Trang","Viet Nam","OQ427001",2017
1664,"OQ427008.1|2017-12-18","4I_A.1.1","4I_A","4I","OQ427008",10593,104.2207792,2017,"Viet Nam: Nha Trang","Viet Nam","OQ427008",2017
1691,"OQ427035.1|2018-12-18","4I_A.1.1","4I_A","4I","OQ427035",10593,104.2207792,2018,"Viet Nam: Nha Trang","Viet Nam","OQ427035",2018
1701,"OQ427045.1|2019-01-14","4I_A.1.1","4I_A","4I","OQ427045",10593,104.2207792,2019,"Viet Nam: Nha Trang","Viet Nam","OQ427045",2019
1702,"OQ427046.1|2019-01-15","4I_A.1.2","4I_A","4I","OQ427046",10593,104.2207792,2019,"Viet Nam: Nha Trang","Viet Nam","OQ427046",2019
1704,"OQ427049.1|2019-01-21","4I_A.1.2","4I_A","4I","OQ427049",10593,104.2207792,2019,"Viet Nam: Nha Trang","Viet Nam","OQ427049",2019
1708,"OQ427054.1|2018-10-12","4I_A.1.1","4I_A","4I","OQ427054",10593,104.2207792,2018,"Viet Nam: Nha Trang","Viet Nam","OQ427054",2018
1717,"OP600478.1|2020-08","4II_A.1","4II_A","4II","OP600478",10474,103.0499803,2020,"Malaysia","Malaysia","OP600478",2020
1722,"OP600499.1|2022-06","4II_A.1","4II_A","4II","OP600499",10600,104.2896497,2022,"Malaysia","Malaysia","OP600499",2022
1723,"OP600506.1|2020-07","4II_A.1","4II_A","4II","OP600506",10308,101.4167651,2020,"Malaysia","Malaysia","OP600506",2020
1724,"OP600507.1|2020-10","4II_A.1","4II_A","4II","OP600507",10281,101.1511216,2020,"Malaysia","Malaysia","OP600507",2020
1726,"OP600509.1|2022-07","4II_A.1","4II_A","4II","OP600509",10595,104.2404565,2022,"Malaysia","Malaysia","OP600509",2022
1727,"OP600510.1|2022-07","4II_A.1","4II_A","4II","OP600510",10544,103.7386856,2022,"Malaysia","Malaysia","OP600510",2022
1731,"OP984198.1|2018","4I_B.1","4I_B","4I","OP984198",10228,100.6296734,2018,"India","India","OP984198",2018
1732,"OP895706.1|2018","4I_B.1","4I_B","4I","OP895706",10625,104.5356159,2018,"India","India","OP895706",2018
1733,"OP809584.1|2021","4I_B.1","4I_B","4I","OP809584",10560,103.8961039,2021,"India","India","OP809584",2021
1734,"OP809585.1|2021","4I_B.1","4I_B","4I","OP809585",10557,103.866588,2021,"India","India","OP809585",2021
1743,"OL314736.1|2019-05-21","4II_A.1","4II_A","4II","OL314736",10653,104.811098,2019,"Indonesia","Indonesia","OL314736",2019
1744,"OL314737.1|2019-05-23","4II_A.1","4II_A","4II","OL314737",10653,104.811098,2019,"Indonesia","Indonesia","OL314737",2019
1750,"OL314743.1|2019-06-24","4II_A.1","4II_A","4II","OL314743",10653,104.811098,2019,"Indonesia","Indonesia","OL314743",2019
1755,"OP410999.1|2009-08","4II_A","4II_A","4II","OP410999",10653,104.811098,2009,"Singapore","Singapore","OP410999",2009
1756,"OP411000.1|2017-10","4I_B.1","4I_B","4I","OP411000",10648,104.7619048,2017,"Singapore","Singapore","OP411000",2017
1757,"OP411001.1|2016-01","4II_A.1","4II_A","4II","OP411001",10653,104.811098,2016,"Singapore","Singapore","OP411001",2016
1758,"OP411002.1|2019-07","4II_A.1","4II_A","4II","OP411002",10653,104.811098,2019,"Singapore","Singapore","OP411002",2019
1763,"ON907584.1|2021-01-08","4II_A.1","4II_A","4II","ON907584",10295,101.2888627,2021,"Malaysia","Malaysia","ON907584",2021
1764,"ON908239.1|2021-01-08","4II_A.1","4II_A","4II","ON908239",10600,104.2896497,2021,"Malaysia","Malaysia","ON908239",2021
1765,"ON908240.1|2019-01-21","4I_A.3","4I_A","4I","ON908240",10582,104.1125541,2019,"Myanmar","Myanmar","ON908240",2019
1766,"ON908241.1|2018-05-17","4I_A.1.1","4I_A","4I","ON908241",10584,104.1322314,2018,"Cambodia","Cambodia","ON908241",2018
1767,"ON908242.1|2018-06-16","4I_A.1.1","4I_A","4I","ON908242",10583,104.1223928,2018,"Cambodia","Cambodia","ON908242",2018
1769,"ON891118.1|2019-01-21","4I_A.3","4I_A","4I","ON891118",10335,101.6824085,2019,"Myanmar","Myanmar","ON891118",2019
1770,"ON891131.1|2021-01-08","4II_A.1","4II_A","4II","ON891131",10294,101.279024,2021,"Malaysia","Malaysia","ON891131",2021
1771,"ON891141.1|2018-05-17","4I_A.1.1","4I_A","4I","ON891141",10324,101.5741834,2018,"Cambodia","Cambodia","ON891141",2018
1773,"ON891146.1|2017-09-11","4I_A.3","4I_A","4I","ON891146",10386,102.1841795,2017,"Myanmar","Myanmar","ON891146",2017
1774,"ON799402.1|2020","4I_B.1","4I_B","4I","ON799402",10649,104.7717434,2020,"India","India","ON799402",2020
1775,"ON799403.1|2018","4I_B.1","4I_B","4I","ON799403",10649,104.7717434,2018,"India","India","ON799403",2018
1777,"MW720990.1|2010-10","4II_A.2","4II_A","4II","MW720990",10649,104.7717434,2010,"China","China","MW720990",2010
1778,"MW720991.1|2010-10","4II_A.2","4II_A","4II","MW720991",10650,104.7815821,2010,"China","China","MW720991",2010
1788,"ON045731.1|2004-11-26","4I_A.3","4I_A","4I","ON045731",10549,103.7878788,2004,"Thailand","Thailand","ON045731",2004
1790,"ON005192.1|2011-06-24","4I_A.3","4I_A","4I","ON005192",10550,103.7977174,2011,"Thailand","Thailand","ON005192",2011
1791,"OK469357.1|1963","4I","4I","4I","OK469357",10611,104.3978749,1963,"Puerto Rico","USA","OK469357",1963
1792,"OK469358.1|1976","4I_A","4I_A","4I","OK469358",10598,104.2699725,1976,"Myanmar","Myanmar","OK469358",1976
1793,"OK469359.1|1980","4II_B","4II_B","4II","OK469359",10485,103.1582054,1980,"Kiribati","Kiribati","OK469359",1980
1794,"OK469360.1|1980","4II_B","4II_B","4II","OK469360",10579,104.0830382,1980,"Niue","Niue","OK469360",1980
1795,"OK469361.1|1990","4II_B","4II_B","4II","OK469361",10607,104.3585203,1990,"Singapore","Singapore","OK469361",1990
1796,"OK469362.1|1995","4II_B","4II_B","4II","OK469362",10608,104.3683589,1995,"Singapore","Singapore","OK469362",1995
1797,"OM639994.1|2021-11-16","4I_B.1","4I_B","4I","OM639994",10636,104.643841,2021,"India: Uttar Pradesh","India","OM639994",2021
1803,"OM417337.1|2010-11-04","4II_B.2","4II_B","4II","OM417337",9872,97.12711531,2010,"Mexico: Chiapas","Mexico","OM417337",2010
1804,"OM417338.1|2010-10-27","4II_B.2","4II_B","4II","OM417338",9872,97.12711531,2010,"Mexico: San Luis Potosi","Mexico","OM417338",2010
1805,"OM417339.1|2011-10-10","4II_B.2","4II_B","4II","OM417339",9872,97.12711531,2011,"Mexico: Jalisco","Mexico","OM417339",2011
1806,"OM417342.1|2021-10-14","4II_B.2","4II_B","4II","OM417342",9868,97.08776072,2021,"Mexico: Chiapas","Mexico","OM417342",2021
1807,"OK605767.1|1976","4II_B","4II_B","4II","OK605767",10648,104.7619048,1976,"Indonesia","Indonesia","OK605767",1976
1808,"OK605768.1|1982","4II_B","4II_B","4II","OK605768",10649,104.7717434,1982,"Brazil","Brazil","OK605768",1982
1809,"OK605769.1|1983","4I_B","4I_B","4I","OK605769",10651,104.7914207,1983,"Senegal","Senegal","OK605769",1983
1810,"OK605770.1|2006","4II_B.1","4II_B","4II","OK605770",10649,104.7717434,2006,"Ecuador","Ecuador","OK605770",2006
1813,"MW788989.1|2017-06","4I_A.3","4I_A","4I","MW788989",10607,104.3585203,2017,"Myanmar: Yangon","Myanmar","MW788989",2017
1819,"MW788995.1|2017-06","4I_A.3","4I_A","4I","MW788995",10605,104.338843,2017,"Myanmar: Yangon","Myanmar","MW788995",2017
1823,"MW788999.1|2018-05","4I_A.3","4I_A","4I","MW788999",10530,103.6009445,2018,"Myanmar: Yangon","Myanmar","MW788999",2018
1825,"MW789001.1|2018-11","4I_A.3","4I_A","4I","MW789001",10598,104.2699725,2018,"Myanmar: Yangon","Myanmar","MW789001",2018
1828,"MW789004.1|2018-07","4I_A.3","4I_A","4I","MW789004",10557,103.866588,2018,"Myanmar: Yangon","Myanmar","MW789004",2018
1832,"MZ976858.1|2019-07-07","4I_A.1.1","4I_A","4I","MZ976858",10337,101.7020858,2019,"Cambodia","Cambodia","MZ976858",2019
1833,"MZ976859.1|2019-08-07","4I_A.1.1","4I_A","4I","MZ976859",10337,101.7020858,2019,"Cambodia","Cambodia","MZ976859",2019
1834,"MZ976860.1|2020-08-03","4I_A.1.1","4I_A","4I","MZ976860",10337,101.7020858,2020,"Cambodia","Cambodia","MZ976860",2020
1835,"MW192825.1|2017-07","4I_B.1","4I_B","4I","MW192825",10161,99.97048406,2017,"India","India","MW192825",2017
1837,"MW945437.1|1999","4II_B","4II_B","4II","MW945437",10167,100.0295159,1999,"Puerto Rico","USA","MW945437",1999
1840,"MW945456.1|2003","4I_A.2","4I_A","4I","MW945456",10164,100,2003,"Thailand","Thailand","MW945456",2003
1854,"MW945470.1|2009","4I_A.2","4I_A","4I","MW945470",10164,100,2009,"Thailand","Thailand","MW945470",2009
1855,"MW945471.1|2001","4I_A.2","4I_A","4I","MW945471",10164,100,2001,"Thailand","Thailand","MW945471",2001
1869,"MW945485.1|1996","4I_A","4I_A","4I","MW945485",10164,100,1996,"Thailand","Thailand","MW945485",1996
1876,"MW945492.1|1999","4I_A.2","4I_A","4I","MW945492",10164,100,1999,"Thailand","Thailand","MW945492",1999
1877,"MW945494.1|2002","4I_A.2","4I_A","4I","MW945494",10164,100,2002,"Thailand","Thailand","MW945494",2002
1886,"MW945503.1|1985","4I_A","4I_A","4I","MW945503",10164,100,1985,"Thailand","Thailand","MW945503",1985
1889,"MW945506.1|2013","4I_A.3","4I_A","4I","MW945506",10164,100,2013,"Thailand","Thailand","MW945506",2013
1906,"MW945523.1|2005","4I_A.2","4I_A","4I","MW945523",10164,100,2005,"Thailand","Thailand","MW945523",2005
1923,"MW945540.1|1994","4I_A","4I_A","4I","MW945540",10164,100,1994,"Thailand","Thailand","MW945540",1994
1931,"MW945548.1|2000","4I_A.2","4I_A","4I","MW945548",10164,100,2000,"Thailand","Thailand","MW945548",2000
1937,"MW945555.1|2008","4I_A.2","4I_A","4I","MW945555",10164,100,2008,"Thailand","Thailand","MW945555",2008
1940,"MW945558.1|2010","4I_A.2","4I_A","4I","MW945558",10164,100,2010,"Thailand","Thailand","MW945558",2010
1942,"MW945560.1|2003","4I_A.2","4I_A","4I","MW945560",10164,100,2003,"Thailand","Thailand","MW945560",2003
1950,"MW945568.1|1994","4I_A","4I_A","4I","MW945568",10164,100,1994,"Thailand","Thailand","MW945568",1994
1964,"MW945582.1|2013","4I_A.3","4I_A","4I","MW945582",10164,100,2013,"Thailand","Thailand","MW945582",2013
1970,"MW945588.1|2009","4I_A.2","4I_A","4I","MW945588",10164,100,2009,"Thailand","Thailand","MW945588",2009
1974,"MW945592.1|2004","4I_A.2","4I_A","4I","MW945592",10164,100,2004,"Thailand","Thailand","MW945592",2004
1976,"MW945594.1|2014","4I_A.3","4I_A","4I","MW945594",10164,100,2014,"Thailand","Thailand","MW945594",2014
1989,"MW945607.1|2007","4I_A.2","4I_A","4I","MW945607",10164,100,2007,"Thailand","Thailand","MW945607",2007
1994,"MW945612.1|1999","4I_A.2","4I_A","4I","MW945612",10164,100,1999,"Thailand","Thailand","MW945612",1999
1995,"MW945613.1|2014","4I_A.3","4I_A","4I","MW945613",10164,100,2014,"Thailand","Thailand","MW945613",2014
2016,"MW945636.1|1973","4II_A","4II_A","4II","MW945636",10164,100,1973,"Indonesia","Indonesia","MW945636",1973
2018,"MW945638.1|2010","4I_A.3","4I_A","4I","MW945638",10164,100,2010,"Thailand","Thailand","MW945638",2010
2020,"MW945640.1|2007","4I_A.2","4I_A","4I","MW945640",10164,100,2007,"Thailand","Thailand","MW945640",2007
2022,"MW945642.1|1999","4I_A.2","4I_A","4I","MW945642",10164,100,1999,"Thailand","Thailand","MW945642",1999
2024,"MW945644.1|2006","4I_A.2","4I_A","4I","MW945644",10164,100,2006,"Thailand","Thailand","MW945644",2006
2044,"MW945664.1|2008","4I_A.3","4I_A","4I","MW945664",10164,100,2008,"Myanmar","Myanmar","MW945664",2008
2054,"MW945675.1|2005","4I_A.2","4I_A","4I","MW945675",10164,100,2005,"Thailand","Thailand","MW945675",2005
2074,"MW945695.1|2000","4I_A.2","4I_A","4I","MW945695",10164,100,2000,"Thailand","Thailand","MW945695",2000
2077,"MW945698.1|2003","4I_A.2","4I_A","4I","MW945698",10164,100,2003,"Thailand","Thailand","MW945698",2003
2080,"MW945701.1|2012","4I_A.2","4I_A","4I","MW945701",10164,100,2012,"Thailand","Thailand","MW945701",2012
2093,"MW945714.1|1994","4I_A","4I_A","4I","MW945714",10164,100,1994,"Thailand","Thailand","MW945714",1994
2099,"MW945720.1|1981","4II_B","4II_B","4II","MW945720",10167,100.0295159,1981,"Dominica","Dominica","MW945720",1981
2100,"MW945721.1|1996","4I_A","4I_A","4I","MW945721",10164,100,1996,"Thailand","Thailand","MW945721",1996
2111,"MW945733.1|2014","4I_A.3","4I_A","4I","MW945733",10164,100,2014,"Thailand","Thailand","MW945733",2014
2121,"MW945743.1|2008","4I_A.2","4I_A","4I","MW945743",10164,100,2008,"Thailand","Thailand","MW945743",2008
2124,"MW945746.1|2009","4I_A.2","4I_A","4I","MW945746",10164,100,2009,"Thailand","Thailand","MW945746",2009
2129,"MW945751.1|2006","4I_A.2","4I_A","4I","MW945751",10164,100,2006,"Thailand","Thailand","MW945751",2006
2133,"MW945755.1|1993","4I_A","4I_A","4I","MW945755",10164,100,1993,"Thailand","Thailand","MW945755",1993
2141,"MW881530.1|2021-01-08","4II_A.1","4II_A","4II","MW881530",10319,101.5249902,2021,"China: Guangzhou","China","MW881530",2021
2142,"MW881266.1|1999","4II_B.2","4II_B","4II","MW881266",10164,100,1999,"Nicaragua","Nicaragua","MW881266",1999
2144,"MT040673.1|2018-04-27","4II_B.1.1","4II_B","4II","MT040673",9828,96.69421488,2018,"Paraguay: Villarrica","Paraguay","MT040673",2018
2146,"MT040675.1|2018-05-31","4II_B.1.1","4II_B","4II","MT040675",9828,96.69421488,2018,"Paraguay: San Lorenzo","Paraguay","MT040675",2018
2149,"MT040679.1|2018-05-09","4II_B.1.1","4II_B","4II","MT040679",9828,96.69421488,2018,"Paraguay: Domingo Martinez De Irala","Paraguay","MT040679",2018
2152,"MW301595.1|2020-06-18","4II_A","4II_A","4II","MW301595",10281,101.1511216,2020,"China: Guangzhou","China","MW301595",2020
2153,"MW295825.1|2017-09-11","4I_A.3","4I_A","4I","MW295825",10426,102.5777253,2017,"China: Guangzhou","China","MW295825",2017
2154,"MN448994.1|2011-07-06","4I_A.2","4I_A","4I","MN448994",10597,104.2601338,2011,"Thailand","Thailand","MN448994",2011
2163,"MN449003.1|2012-05-02","4I_A.2","4I_A","4I","MN449003",10597,104.2601338,2012,"Thailand","Thailand","MN449003",2012
2164,"MN449004.1|2012-07-02","4I_A.3","4I_A","4I","MN449004",10597,104.2601338,2012,"Thailand","Thailand","MN449004",2012
2167,"MT597439.1|2010","4II_A","4II_A","4II","MT597439",10252,100.8658009,2010,"South Korea","South Korea","MT597439",2010
2170,"MK858142.2|2016-08-05","4I_B.1","4I_B","4I","MK858142",10469,103.0007871,2016,"India","India","MK858142",2016
2174,"MK858147.1|2016-08-03","4I_B.1","4I_B","4I","MK858147",10436,102.6761118,2016,"India","India","MK858147",2016
2175,"MN192436.1|2016","4II_B","4II_B","4II","MN192436",10650,104.7815821,2016,"USA","USA","MN192436",2016
2176,"MH051734.1|2014-12","4II_A.1","4II_A","4II","MH051734",10331,101.6430539,2014,"Malaysia","Malaysia","MH051734",2014
2177,"MK654681.1|2017-06-04","4I_B.1","4I_B","4I","MK654681",10435,102.6662731,2017,"India","India","MK654681",2017
2178,"MN018390.1|2013-08-12","4I_B.2","4I_B","4I","MN018390",10652,104.8012593,2013,"China: Guangdong Province","China","MN018390",2013
2181,"MN018393.1|2015-07-25","4II_A","4II_A","4II","MN018393",10652,104.8012593,2015,"China: Guangdong Province","China","MN018393",2015
2183,"MN018397.1|2016-02-01","4I_A.3","4I_A","4I","MN018397",10652,104.8012593,2016,"China: Guangdong Province","China","MN018397",2016
2184,"MN018398.1|2016-08-16","4I_B.1","4I_B","4I","MN018398",10652,104.8012593,2016,"China: Guangdong Province","China","MN018398",2016
2185,"MH891769.1|2017-07-08","4I_B.1","4I_B","4I","MH891769",10403,102.3514364,2017,"India: Krishnagiri, Tamil Nadu","India","MH891769",2017
2186,"MK614088.1|2019-01-21","4I_A.3","4I_A","4I","MK614088",10350,101.8299882,2019,"China: Guangzhou","China","MK614088",2019
2187,"MK614089.1|2018-08-31","4II_A","4II_A","4II","MK614089",10350,101.8299882,2018,"China: Guangzhou","China","MK614089",2018
2189,"MK614091.1|2018-06-16","4I_A.1.1","4I_A","4I","MK614091",10350,101.8299882,2018,"China: Guangzhou","China","MK614091",2018
2190,"MK614092.1|2018-05-17","4I_A.1.1","4I_A","4I","MK614092",10350,101.8299882,2018,"China: Guangzhou","China","MK614092",2018
2191,"MK614093.1|2018-05-03","4I_A.1.1","4I_A","4I","MK614093",10350,101.8299882,2018,"China: Guangzhou","China","MK614093",2018
2192,"MK640208.1|2018-08-31","4II_A","4II_A","4II","MK640208",10304,101.3774105,2018,"China: Guangzhou","China","MK640208",2018
2193,"MK514144.1|2015-01-28","4II_B.1.1","4II_B","4II","MK514144",10649,104.7717434,2015,"Haiti","Haiti","MK514144",2015
2194,"KY672956.1|2015-06-22","4I_A.3","4I_A","4I","KY672956",10661,104.8898072,2015,"China","China","KY672956",2015
2195,"KY672957.1|2015-07-25","4I_A.3","4I_A","4I","KY672957",10661,104.8898072,2015,"China","China","KY672957",2015
2197,"KY672959.1|2015-08-07","4I_A.3","4I_A","4I","KY672959",10661,104.8898072,2015,"China","China","KY672959",2015
2199,"MH823210.1|2014","4II_A","4II_A","4II","MH823210",10648,104.7619048,2014,"Indonesia","Indonesia","MH823210",2014
2200,"MH888334.1|2013-01-04","4II_A","4II_A","4II","MH888334",10605,104.338843,2013,"Malaysia","Malaysia","MH888334",2013
2203,"LC410198.1|2016-10","4I_A.3","4I_A","4I","LC410198",10604,104.3290043,2016,"Thailand","Thailand","LC410198",2016
2204,"LC410199.1|2016-10","4I_A.3","4I_A","4I","LC410199",10604,104.3290043,2016,"Thailand","Thailand","LC410199",2016
2205,"LC410200.1|2016-11","4I_A.3","4I_A","4I","LC410200",10604,104.3290043,2016,"Thailand","Thailand","LC410200",2016
2207,"LC410202.1|2017-06","4I_A.3","4I_A","4I","LC410202",10604,104.3290043,2017,"Thailand","Thailand","LC410202",2017
2208,"LC410203.1|2017-06","4I_A.3","4I_A","4I","LC410203",10604,104.3290043,2017,"Thailand","Thailand","LC410203",2017
2209,"MH382789.1|2016","4II_A.1","4II_A","4II","MH382789",10653,104.811098,2016,"Australia: Queensland","Australia","MH382789",2016
2210,"MH450305.1|2010-09-01","4II_B.1","4II_B","4II","MH450305",10649,104.7717434,2010,"Venezuela: Aragua","Venezuela","MH450305",2010
2211,"MH450307.1|2011-02-16","4II_B.1","4II_B","4II","MH450307",10649,104.7717434,2011,"Venezuela: Aragua","Venezuela","MH450307",2011
2212,"MH450308.1|2011-11-01","4II_B.1","4II_B","4II","MH450308",10586,104.1519087,2011,"Venezuela: Aragua","Venezuela","MH450308",2011
2213,"MH450309.1|2012-07-17","4II_B.1","4II_B","4II","MH450309",10649,104.7717434,2012,"Venezuela: Aragua","Venezuela","MH450309",2012
2214,"MF004387.1|1981","4II_B","4II_B","4II","MF004387",10601,104.2994884,1981,"Senegal","Senegal","MF004387",1981
2216,"MG272273.1|2016","4I_B.1","4I_B","4I","MG272273",10652,104.8012593,2016,"India","India","MG272273",2016
2218,"MG601754.1|2013-08-30","4I_A.3","4I_A","4I","MG601754",10772,105.9818969,2013,"China","China","MG601754",2013
2219,"KY849762.1|2009-07-13","4I_A.2","4I_A","4I","KY849762",10603,104.3191657,2009,"Laos: Salavan","Laos","KY849762",2009
2220,"KY670635.1|2003-10","4I","4I","4I","KY670635",10617,104.4569067,2003,"Taiwan","Taiwan","KY670635",2003
2221,"KY474335.1|2014","4II_B.1","4II_B","4II","KY474335",10642,104.7028729,2014,"Ecuador: Machala","Ecuador","KY474335",2014
2222,"KY924607.1|2016","4I_A.1","4I_A","4I","KY924607",10161,99.97048406,2016,"Viet Nam","Viet Nam","KY924607",2016
2223,"KY451945.1|2013-06","4I_A.3","4I_A","4I","KY451945",10616,104.4470681,2013,"Thailand: Chanthaburi","Thailand","KY451945",2013
2224,"KX812530.1|1976","4II_B","4II_B","4II","KX812530",10648,104.7619048,1976,"Indonesia","Indonesia","KX812530",1976
2225,"KX059015.1|2012-07","4I_B.2","4I_B","4I","KX059015",10263,100.974026,2012,"Sri Lanka","Sri Lanka","KX059015",2012
2234,"KX059024.1|2013-01","4I_B.2","4I_B","4I","KX059024",10263,100.974026,2013,"Sri Lanka","Sri Lanka","KX059024",2013
2235,"KX059025.1|2013-02","4I_B.2","4I_B","4I","KX059025",10263,100.974026,2013,"Sri Lanka","Sri Lanka","KX059025",2013
2237,"KX059027.1|2013-03","4I_B.2","4I_B","4I","KX059027",10263,100.974026,2013,"Sri Lanka","Sri Lanka","KX059027",2013
2241,"KX059031.1|2012-08","4I_B.2","4I_B","4I","KX059031",10263,100.974026,2012,"Sri Lanka","Sri Lanka","KX059031",2012
2243,"KX059033.1|2012-10","4I_B.2","4I_B","4I","KX059033",10263,100.974026,2012,"Sri Lanka","Sri Lanka","KX059033",2012
2248,"KY921909.1|2016-03","4II_A.1","4II_A","4II","KY921909",10605,104.338843,2016,"Singapore","Singapore","KY921909",2016
2249,"KY921910.1|2016-01","4II_A.1","4II_A","4II","KY921910",10602,104.309327,2016,"Singapore","Singapore","KY921910",2016
2250,"KY369950.1|2013-02","4II_B.1.1","4II_B","4II","KY369950",10200,100.3541913,2013,"Brazil","Brazil","KY369950",2013
2251,"KY369951.1|2013-02","4II_B.1.1","4II_B","4II","KY369951",10257,100.9149941,2013,"Brazil","Brazil","KY369951",2013
2252,"KX845005.1|2015","4I_B.2","4I_B","4I","KX845005",10647,104.7520661,2015,"India","India","KX845005",2015
2253,"KY586827.1|2000","4II_A","4II_A","4II","KY586827",10181,100.167257,2000,"Thailand","Thailand","KY586827",2000
2255,"KY586829.1|2010","4I_A.3","4I_A","4I","KY586829",10181,100.167257,2010,"Thailand","Thailand","KY586829",2010
2256,"KY586830.1|2002","4I_A.3","4I_A","4I","KY586830",10181,100.167257,2002,"Thailand","Thailand","KY586830",2002
2259,"KY586833.1|1998","4I_A","4I_A","4I","KY586833",10181,100.167257,1998,"Thailand","Thailand","KY586833",1998
2261,"KY586835.1|1998","4I_A","4I_A","4I","KY586835",10181,100.167257,1998,"Thailand","Thailand","KY586835",1998
2264,"KY586838.1|1995","4I_A","4I_A","4I","KY586838",10190,100.2558048,1995,"Thailand","Thailand","KY586838",1995
2281,"KY586855.1|2005","4I_A.2","4I_A","4I","KY586855",10181,100.167257,2005,"Thailand","Thailand","KY586855",2005
2284,"KY586858.1|2007","4I_A.2","4I_A","4I","KY586858",10181,100.167257,2007,"Thailand","Thailand","KY586858",2007
2286,"KY586860.1|2006","4I_A.2","4I_A","4I","KY586860",10190,100.2558048,2006,"Thailand","Thailand","KY586860",2006
2292,"KY586866.1|2004","4I_A.2","4I_A","4I","KY586866",10181,100.167257,2004,"Thailand","Thailand","KY586866",2004
2295,"KY586869.1|2001","4I_A.2","4I_A","4I","KY586869",10190,100.2558048,2001,"Thailand","Thailand","KY586869",2001
2297,"KY586871.1|2008","4I_A.2","4I_A","4I","KY586871",10181,100.167257,2008,"Thailand","Thailand","KY586871",2008
2321,"KY586895.1|2002","4I_A.2","4I_A","4I","KY586895",10181,100.167257,2002,"Thailand","Thailand","KY586895",2002
2324,"KY586898.1|2000","4I_A.2","4I_A","4I","KY586898",10181,100.167257,2000,"Thailand","Thailand","KY586898",2000
2336,"KY586910.1|2001","4I_A.2","4I_A","4I","KY586910",10190,100.2558048,2001,"Thailand","Thailand","KY586910",2001
2364,"KY586938.1|1995","4I_A","4I_A","4I","KY586938",10181,100.167257,1995,"Thailand","Thailand","KY586938",1995
2365,"KY586939.1|1995","4I_A","4I_A","4I","KY586939",10181,100.167257,1995,"Thailand","Thailand","KY586939",1995
2367,"KY586941.1|1998","4I_A","4I_A","4I","KY586941",10181,100.167257,1998,"Thailand","Thailand","KY586941",1998
2370,"KU509287.1|2009","4I_B.2","4I_B","4I","KU509287",10505,103.3549784,2009,"India","India","KU509287",2009
2371,"KU509288.1|2010","4II_A.1","4II_A","4II","KU509288",10500,103.3057851,2010,"Indonesia: Bali","Indonesia","KU509288",2010
2372,"KU523871.1|2014-02-13","4II_A","4II_A","4II","KU523871",10589,104.1814246,2014,"Philippines","Philippines","KU523871",2014
2373,"KU523872.1|2015-04-08","4II_A.1","4II_A","4II","KU523872",10653,104.811098,2015,"Indonesia","Indonesia","KU523872",2015
2383,"KP188566.1|2013-02-08","4II_B.1.1","4II_B","4II","KP188566",10426,102.5777253,2013,"Brazil","Brazil","KP188566",2013
2384,"KX224312.2|2014","4I_A.3","4I_A","4I","KX224312",10652,104.8012593,2014,"Singapore","Singapore","KX224312",2014
2386,"KT794007.1|2011-03-07","4II_B.1.1","4II_B","4II","KT794007",10649,104.7717434,2011,"Brazil: Manaus, Amazonas State","Brazil","KT794007",2011
2387,"LC069810.1|2015","4II_A","4II_A","4II","LC069810",10623,104.5159386,2015,"Japan","Japan","LC069810",2015
2391,"KR922405.1|2011","4I_A.2","4I_A","4I","KR922405",10164,100,2011,"Thailand","Thailand","KR922405",2011
2392,"KT276273.1|2014-09-08","4II_B","4II_B","4II","KT276273",10649,104.7717434,2014,"Haiti","Haiti","KT276273",2014
2394,"KJ579241.1|2012-04-23","4II_B.1.1","4II_B","4II","KJ579241",10649,104.7717434,2012,"Brazil: Varzea Grande, MT","Brazil","KJ579241",2012
2399,"KJ579246.1|2012-04-19","4II_B.1.1","4II_B","4II","KJ579246",10649,104.7717434,2012,"Brazil: Pocone, MT","Brazil","KJ579246",2012
2404,"KJ596660.1|2012-04-03","4II_B.1.1","4II_B","4II","KJ596660",10649,104.7717434,2012,"Brazil: Cuiaba, MT","Brazil","KJ596660",2012
2419,"KR011349.2|1956-08-28","4I","4I","4I","KR011349",10664,104.9193231,1956,"Philippines","Philippines","KR011349",1956
2421,"KP792537.2|2011-06","4I_A.1","4I_A","4I","KP792537",10651,104.7914207,2011,"Singapore","Singapore","KP792537",2011
2422,"KP140942.1|2014-09-11","4II_B","4II_B","4II","KP140942",10565,103.9452971,2014,"Haiti","Haiti","KP140942",2014
2424,"KC762695.1|2007-07-09","4II_A","4II_A","4II","KC762695",10619,104.476584,2007,"Indonesia: Makassar","Indonesia","KC762695",2007
2425,"KC762696.1|2007-08-13","4II_A.2","4II_A","4II","KC762696",10653,104.811098,2007,"Indonesia: Makassar","Indonesia","KC762696",2007
2426,"KC762697.1|2007-12-11","4II_A","4II_A","4II","KC762697",10653,104.811098,2007,"Indonesia: Makassar","Indonesia","KC762697",2007
2427,"KC762698.1|2008-04-30","4II_A.2","4II_A","4II","KC762698",10653,104.811098,2008,"Indonesia: Makassar","Indonesia","KC762698",2008
2428,"KC762699.1|2008-03-28","4II_A.2","4II_A","4II","KC762699",10641,104.6930342,2008,"Indonesia: Makassar","Indonesia","KC762699",2008
2429,"KF955510.1|2002","4I_A.1","4I_A","4I","KF955510",10586,104.1519087,2002,"Cambodia","Cambodia","KF955510",2002
2430,"KF955511.1|2005","4I_A.1","4I_A","4I","KF955511",9692,95.35615899,2005,"Cambodia","Cambodia","KF955511",2005
2432,"KF955516.1|2008","4I_A.1","4I_A","4I","KF955516",9627,94.71664699,2008,"Cambodia","Cambodia","KF955516",2008
2436,"KF955527.1|2007","4I_A.1","4I_A","4I","KF955527",9611,94.55922865,2007,"Cambodia","Cambodia","KF955527",2007
2437,"KF955528.1|2007","4I_A.2","4I_A","4I","KF955528",10359,101.918536,2007,"Cambodia","Cambodia","KF955528",2007
2439,"KF955530.1|2008","4I_A.1","4I_A","4I","KF955530",7492,73.71113735,2008,"Cambodia","Cambodia","KF955530",2008
2440,"KF041260.1|2009","4I_B.1","4I_B","4I","KF041260",10652,104.8012593,2009,"Pakistan: Karachi","Pakistan","KF041260",2009
2442,"JN638571.1|2007","4I_A.2","4I_A","4I","JN638571",10656,104.8406139,2007,"Cambodia","Cambodia","JN638571",2007
2443,"JN638572.1|2008","4I_A.2","4I_A","4I","JN638572",10656,104.8406139,2008,"Cambodia","Cambodia","JN638572",2008
2444,"JQ915081.1|2009-01-29","4II_A","4II_A","4II","JQ915081",10572,104.0141677,2009,"French Polynesia: Taha'a","French Polynesia","JQ915081",2009
2445,"JQ915082.1|2009-03-23","4II_A","4II_A","4II","JQ915082",10572,104.0141677,2009,"French Polynesia: Tahiti","French Polynesia","JQ915082",2009
2446,"JQ915083.1|2009-04-08","4II_A","4II_A","4II","JQ915083",10572,104.0141677,2009,"French Polynesia: Raiatea","French Polynesia","JQ915083",2009
2447,"JQ915084.1|2010-06-15","4II_A","4II_A","4II","JQ915084",10573,104.0240063,2010,"French Polynesia: Tahiti","French Polynesia","JQ915084",2010
2448,"JQ915085.1|2008-02-20","4II_A","4II_A","4II","JQ915085",10572,104.0141677,2008,"New Caledonia: Noumea","New Caledonia","JQ915085",2008
2449,"JQ915086.1|2009-02-05","4II_A","4II_A","4II","JQ915086",10572,104.0141677,2009,"New Caledonia: Dumbea","New Caledonia","JQ915086",2009
2451,"JQ915088.1|2009-04-02","4II_A","4II_A","4II","JQ915088",10572,104.0141677,2009,"New Caledonia: Noumea","New Caledonia","JQ915088",2009
2452,"JQ915089.1|2009-09-23","4II_A","4II_A","4II","JQ915089",10572,104.0141677,2009,"New Caledonia: Dumbea","New Caledonia","JQ915089",2009
2453,"JQ915090.1|2009-04-01","4II_A","4II_A","4II","JQ915090",10246,100.806769,2009,"Wallis and Futuna","Wallis and Futuna","JQ915090",2009
2454,"JQ922559.1|1979","4I_B","4I_B","4I","JQ922559",10616,104.4470681,1979,"India","India","JQ922559",1979
2455,"JQ922560.1|2009","4I_B.2","4I_B","4I","JQ922560",10739,105.6572216,2009,"India: Pune, Maharashtra","India","JQ922560",2009
2456,"KC333651.1|2012","4II_A","4II_A","4II","KC333651",10574,104.0338449,2012,"China","China","KC333651",2012
2457,"JX024757.1|2010-12","4II_A","4II_A","4II","JX024757",10653,104.811098,2010,"Singapore","Singapore","JX024757",2010
2458,"JX024758.1|2010-12","4II_A","4II_A","4II","JX024758",10653,104.811098,2010,"Singapore","Singapore","JX024758",2010
2462,"JQ513333.1|2010-08-24","4II_B.1","4II_B","4II","JQ513333",10604,104.3290043,2010,"Brazil: Boa Vista-RR","Brazil","JQ513333",2010
2470,"JQ513341.1|2010-11-21","4II_B.1","4II_B","4II","JQ513341",10604,104.3290043,2010,"Brazil: Boa Vista-RR","Brazil","JQ513341",2010
2471,"JQ513342.1|2011-01-29","4II_B.1","4II_B","4II","JQ513342",10604,104.3290043,2011,"Brazil: Manaus-AM","Brazil","JQ513342",2011
2472,"JQ513343.1|2011-01-29","4II_B.1","4II_B","4II","JQ513343",10604,104.3290043,2011,"Brazil: Manaus-AM","Brazil","JQ513343",2011
2474,"JQ513345.1|2011-03-18","4I_A","4I_A","4I","JQ513345",10604,104.3290043,2011,"Brazil: Bahia-BA","Brazil","JQ513345",2011
2475,"JQ822247.1|2010","4II_A.2","4II_A","4II","JQ822247",10653,104.811098,2010,"China: Guangdong province","China","JQ822247",2010
2480,"HQ332175.1|2007","4II_B.1","4II_B","4II","HQ332175",10649,104.7717434,2007,"Venezuela","Venezuela","HQ332175",2007
2483,"JF262781.1|1995","4II_B","4II_B","4II","JF262781",10649,104.7717434,1995,"Venezuela","Venezuela","JF262781",1995
2484,"JF262782.1|1994","4II_B","4II_B","4II","JF262782",10649,104.7717434,1994,"Haiti","Haiti","JF262782",1994
2485,"JF262783.1|1961","4I","4I","4I","JF262783",10659,104.8701299,1961,"India","India","JF262783",1961
2486,"JN559740.2|1982-03-26","4II_B","4II_B","4II","JN559740",10604,104.3290043,1982,"Brazil: Boa Vista-RR","Brazil","JN559740",1982
2487,"JN559741.2|2010-07-21","4II_B.1.1","4II_B","4II","JN559741",10604,104.3290043,2010,"Brazil: Boa Vista-RR","Brazil","JN559741",2010
2488,"JN819406.1|2006","4II_B.1","4II_B","4II","JN819406",10357,101.8988587,2006,"Venezuela: Merida","Venezuela","JN819406",2006
2489,"JN819409.1|1998","4II_B","4II_B","4II","JN819409",10558,103.8764266,1998,"Venezuela: Aragua","Venezuela","JN819409",1998
2490,"HQ875339.1|2008","4II_A","4II_A","4II","HQ875339",10160,99.96064542,2008,"Singapore","Singapore","HQ875339",2008
2491,"FJ196849.1|1978","4II_A","4II_A","4II","FJ196849",10649,104.7717434,1978,"China: Guangzhou, Guangdong Province","China","FJ196849",1978
2492,"FJ196850.1|1990","4I","4I","4I","FJ196850",10649,104.7717434,1990,"China: Guangzhou, Guangdong Province","China","FJ196850",1990
2493,"GQ398256.1|2005","4II_A","4II_A","4II","GQ398256",10653,104.811098,2005,"Singapore","Singapore","GQ398256",2005
2494,"GU289913.1|1982","4II_B","4II_B","4II","GU289913",10649,104.7717434,1982,"Colombia","Colombia","GU289913",1982
2495,"GQ868579.1|2001","4II_B","4II_B","4II","GQ868579",10593,104.2207792,2001,"Colombia: Santander","Colombia","GQ868579",2001
2497,"GQ868581.1|2001","4II_B","4II_B","4II","GQ868581",10592,104.2109406,2001,"Colombia: Santander","Colombia","GQ868581",2001
2498,"GQ868582.1|2001","4II_B","4II_B","4II","GQ868582",10606,104.3486816,2001,"Colombia: Santander","Colombia","GQ868582",2001
2499,"GQ868583.1|2004","4II_B.1","4II_B","4II","GQ868583",10551,103.8075561,2004,"Colombia: Santander","Colombia","GQ868583",2004
2500,"GQ868584.1|2004","4II_B.1","4II_B","4II","GQ868584",10552,103.8173947,2004,"Colombia: Santander","Colombia","GQ868584",2004
2501,"GQ868585.1|2005","4II_B.1","4II_B","4II","GQ868585",10606,104.3486816,2005,"Colombia: Norte de Santander","Colombia","GQ868585",2005
2502,"GQ868594.1|1956","4I","4I","4I","GQ868594",10607,104.3585203,1956,"Philippines","Philippines","GQ868594",1956
2508,"GQ199878.1|1994","4II_B","4II_B","4II","GQ199878",10592,104.2109406,1994,"USA: Puerto Rico","USA","GQ199878",1994
2509,"GQ199879.1|1994","4II_B","4II_B","4II","GQ199879",10593,104.2207792,1994,"USA: Puerto Rico","USA","GQ199879",1994
2510,"GQ199880.1|1995","4II_B","4II_B","4II","GQ199880",10590,104.1912633,1995,"USA: Puerto Rico","USA","GQ199880",1995
2511,"GQ199881.1|1996","4II_B","4II_B","4II","GQ199881",10590,104.1912633,1996,"USA: Puerto Rico","USA","GQ199881",1996
2512,"GQ199882.1|1996","4II_B","4II_B","4II","GQ199882",10592,104.2109406,1996,"USA: Puerto Rico","USA","GQ199882",1996
2513,"GQ199883.1|1996","4II_B","4II_B","4II","GQ199883",10606,104.3486816,1996,"USA: Puerto Rico","USA","GQ199883",1996
2516,"GQ252675.1|1995","4II_B","4II_B","4II","GQ252675",10591,104.2011019,1995,"USA: Puerto Rico","USA","GQ252675",1995
2525,"FJ882588.1|2007","4II_B.1","4II_B","4II","FJ882588",10594,104.2306179,2007,"Venezuela: Aragua","Venezuela","FJ882588",2007
2529,"FJ882592.1|2008","4II_B.1","4II_B","4II","FJ882592",10606,104.3486816,2008,"Venezuela: Aragua","Venezuela","FJ882592",2008
2531,"FJ882596.1|1998","4II_B","4II_B","4II","FJ882596",10606,104.3486816,1998,"USA: Puerto Rico","USA","FJ882596",1998
2532,"FJ882597.1|1998","4II_B","4II_B","4II","FJ882597",10606,104.3486816,1998,"USA: Puerto Rico","USA","FJ882597",1998
2534,"FJ882599.1|1999","4II_B","4II_B","4II","FJ882599",10595,104.2404565,1999,"USA: Puerto Rico","USA","FJ882599",1999
2535,"FJ882600.1|1999","4II_B","4II_B","4II","FJ882600",10606,104.3486816,1999,"USA: Puerto Rico","USA","FJ882600",1999
2537,"FJ810417.1|1995","4II_B","4II_B","4II","FJ810417",10606,104.3486816,1995,"USA: Puerto Rico","USA","FJ810417",1995
2541,"FJ850095.1|2000","4II_B.1","4II_B","4II","FJ850095",10558,103.8764266,2000,"Venezuela: Aragua","Venezuela","FJ850095",2000
2542,"FJ639736.1|1998","4II_B","4II_B","4II","FJ639736",10606,104.3486816,1998,"Venezuela: Aragua","Venezuela","FJ639736",1998
2545,"FJ639739.1|1998","4II_B","4II_B","4II","FJ639739",10606,104.3486816,1998,"Venezuela: Aragua","Venezuela","FJ639739",1998
2546,"FJ639742.1|1999","4II_B","4II_B","4II","FJ639742",10593,104.2207792,1999,"Venezuela: Aragua","Venezuela","FJ639742",1999
2547,"FJ639744.1|1999","4II_B","4II_B","4II","FJ639744",10606,104.3486816,1999,"Venezuela: Aragua","Venezuela","FJ639744",1999
2548,"FJ639745.1|1999","4II_B","4II_B","4II","FJ639745",10566,103.9551358,1999,"Venezuela: Aragua","Venezuela","FJ639745",1999
2549,"FJ639748.1|2000","4II_B","4II_B","4II","FJ639748",10551,103.8075561,2000,"Venezuela: Aragua","Venezuela","FJ639748",2000
2550,"FJ639764.1|2001","4II_B","4II_B","4II","FJ639764",10566,103.9551358,2001,"Venezuela: Aragua","Venezuela","FJ639764",2001
2551,"FJ639773.1|2001","4II_B.1","4II_B","4II","FJ639773",10606,104.3486816,2001,"Venezuela: Aragua","Venezuela","FJ639773",2001
2552,"FJ226067.1|1994","4II_B","4II_B","4II","FJ226067",10606,104.3486816,1994,"USA: Puerto Rico","USA","FJ226067",1994
2555,"EU854295.1|1986","4II_B","4II_B","4II","EU854295",10566,103.9551358,1986,"USA: Puerto Rico","USA","EU854295",1986
2557,"EU854297.1|1998","4II_B","4II_B","4II","EU854297",10606,104.3486816,1998,"USA: Puerto Rico","USA","EU854297",1998
2559,"EU854300.1|2007","4II_B.1","4II_B","4II","EU854300",10606,104.3486816,2007,"Venezuela: Aragua","Venezuela","EU854300",2007
2562,"FJ024476.1|1997","4II_B","4II_B","4II","FJ024476",10606,104.3486816,1997,"Colombia: Santander","Colombia","FJ024476",1997
